--
-- PostgreSQL database dump
--

-- Dumped from database version 9.6.12
-- Dumped by pg_dump version 9.6.17

-- Started on 2020-03-29 22:16:47 -03

SET statement_timeout = 0;
SET lock_timeout = 0;
SET idle_in_transaction_session_timeout = 0;
SET client_encoding = 'UTF8';
SET standard_conforming_strings = on;
SELECT pg_catalog.set_config('search_path', '', false);
SET check_function_bodies = false;
SET xmloption = content;
SET client_min_messages = warning;
SET row_security = off;

--
-- TOC entry 8 (class 2615 OID 58884)
-- Name: usuario; Type: SCHEMA; Schema: -; Owner: postgres
--

CREATE SCHEMA usuario;


ALTER SCHEMA usuario OWNER TO postgres;

--
-- TOC entry 1 (class 3079 OID 12393)
-- Name: plpgsql; Type: EXTENSION; Schema: -; Owner: 
--

CREATE EXTENSION IF NOT EXISTS plpgsql WITH SCHEMA pg_catalog;


--
-- TOC entry 2218 (class 0 OID 0)
-- Dependencies: 1
-- Name: EXTENSION plpgsql; Type: COMMENT; Schema: -; Owner: 
--

COMMENT ON EXTENSION plpgsql IS 'PL/pgSQL procedural language';


--
-- TOC entry 200 (class 1255 OID 59337)
-- Name: insertar_point(); Type: FUNCTION; Schema: public; Owner: postgres
--

CREATE FUNCTION public.insertar_point() RETURNS trigger
    LANGUAGE plpgsql
    AS $$
declare begin

INSERT INTO usuario.point (id_usuario,puntos) values (new.id_usuario,0);
return null;
end;
$$;


ALTER FUNCTION public.insertar_point() OWNER TO postgres;

--
-- TOC entry 213 (class 1255 OID 59340)
-- Name: insertar_point(); Type: FUNCTION; Schema: usuario; Owner: postgres
--

CREATE FUNCTION usuario.insertar_point() RETURNS trigger
    LANGUAGE plpgsql
    AS $$declare begin
INSERT INTO usuario.point (id_usuario,puntos) values (new.id_usuario,0);
return null;
end;
$$;


ALTER FUNCTION usuario.insertar_point() OWNER TO postgres;

SET default_tablespace = '';

SET default_with_oids = false;

--
-- TOC entry 193 (class 1259 OID 59708)
-- Name: empresa; Type: TABLE; Schema: public; Owner: postgres
--

CREATE TABLE public.empresa (
    id integer NOT NULL,
    codigo integer NOT NULL,
    descripcion character varying(100) NOT NULL,
    ubicacion character varying(100),
    prestigio character varying(30),
    activo boolean NOT NULL,
    mision character varying(200),
    anio date,
    imagenicon bytea
);


ALTER TABLE public.empresa OWNER TO postgres;

--
-- TOC entry 192 (class 1259 OID 59706)
-- Name: empresa_id_seq; Type: SEQUENCE; Schema: public; Owner: postgres
--

CREATE SEQUENCE public.empresa_id_seq
    START WITH 1
    INCREMENT BY 1
    NO MINVALUE
    NO MAXVALUE
    CACHE 1;


ALTER TABLE public.empresa_id_seq OWNER TO postgres;

--
-- TOC entry 2219 (class 0 OID 0)
-- Dependencies: 192
-- Name: empresa_id_seq; Type: SEQUENCE OWNED BY; Schema: public; Owner: postgres
--

ALTER SEQUENCE public.empresa_id_seq OWNED BY public.empresa.id;


--
-- TOC entry 195 (class 1259 OID 59721)
-- Name: horarios; Type: TABLE; Schema: public; Owner: postgres
--

CREATE TABLE public.horarios (
    id integer NOT NULL,
    id_empresa integer NOT NULL,
    dia character varying(50),
    horaapertura character varying(50),
    horacierre character varying(50)
);


ALTER TABLE public.horarios OWNER TO postgres;

--
-- TOC entry 194 (class 1259 OID 59719)
-- Name: horarios_id_seq; Type: SEQUENCE; Schema: public; Owner: postgres
--

CREATE SEQUENCE public.horarios_id_seq
    START WITH 1
    INCREMENT BY 1
    NO MINVALUE
    NO MAXVALUE
    CACHE 1;


ALTER TABLE public.horarios_id_seq OWNER TO postgres;

--
-- TOC entry 2220 (class 0 OID 0)
-- Dependencies: 194
-- Name: horarios_id_seq; Type: SEQUENCE OWNED BY; Schema: public; Owner: postgres
--

ALTER SEQUENCE public.horarios_id_seq OWNED BY public.horarios.id;


--
-- TOC entry 197 (class 1259 OID 59734)
-- Name: empresa; Type: TABLE; Schema: usuario; Owner: postgres
--

CREATE TABLE usuario.empresa (
    id integer NOT NULL,
    codigo integer NOT NULL,
    descripcion character varying(100) NOT NULL,
    ubicacion character varying(100),
    prestigio character varying(30),
    activo boolean NOT NULL,
    mision character varying(200),
    anio date,
    imagenicon bytea
);


ALTER TABLE usuario.empresa OWNER TO postgres;

--
-- TOC entry 196 (class 1259 OID 59732)
-- Name: empresa_id_seq; Type: SEQUENCE; Schema: usuario; Owner: postgres
--

CREATE SEQUENCE usuario.empresa_id_seq
    START WITH 1
    INCREMENT BY 1
    NO MINVALUE
    NO MAXVALUE
    CACHE 1;


ALTER TABLE usuario.empresa_id_seq OWNER TO postgres;

--
-- TOC entry 2221 (class 0 OID 0)
-- Dependencies: 196
-- Name: empresa_id_seq; Type: SEQUENCE OWNED BY; Schema: usuario; Owner: postgres
--

ALTER SEQUENCE usuario.empresa_id_seq OWNED BY usuario.empresa.id;


--
-- TOC entry 199 (class 1259 OID 59760)
-- Name: horariosempresa; Type: TABLE; Schema: usuario; Owner: postgres
--

CREATE TABLE usuario.horariosempresa (
    id integer NOT NULL,
    id_empresa integer NOT NULL,
    dia character varying(50),
    horaapertura character varying(50),
    horacierre character varying(50)
);


ALTER TABLE usuario.horariosempresa OWNER TO postgres;

--
-- TOC entry 198 (class 1259 OID 59758)
-- Name: horariosempresa_id_seq; Type: SEQUENCE; Schema: usuario; Owner: postgres
--

CREATE SEQUENCE usuario.horariosempresa_id_seq
    START WITH 1
    INCREMENT BY 1
    NO MINVALUE
    NO MAXVALUE
    CACHE 1;


ALTER TABLE usuario.horariosempresa_id_seq OWNER TO postgres;

--
-- TOC entry 2222 (class 0 OID 0)
-- Dependencies: 198
-- Name: horariosempresa_id_seq; Type: SEQUENCE OWNED BY; Schema: usuario; Owner: postgres
--

ALTER SEQUENCE usuario.horariosempresa_id_seq OWNED BY usuario.horariosempresa.id;


--
-- TOC entry 191 (class 1259 OID 59297)
-- Name: point; Type: TABLE; Schema: usuario; Owner: postgres
--

CREATE TABLE usuario.point (
    id integer NOT NULL,
    id_usuario integer NOT NULL,
    puntos integer NOT NULL
);


ALTER TABLE usuario.point OWNER TO postgres;

--
-- TOC entry 190 (class 1259 OID 59295)
-- Name: point_id_seq; Type: SEQUENCE; Schema: usuario; Owner: postgres
--

CREATE SEQUENCE usuario.point_id_seq
    START WITH 1
    INCREMENT BY 1
    NO MINVALUE
    NO MAXVALUE
    CACHE 1;


ALTER TABLE usuario.point_id_seq OWNER TO postgres;

--
-- TOC entry 2223 (class 0 OID 0)
-- Dependencies: 190
-- Name: point_id_seq; Type: SEQUENCE OWNED BY; Schema: usuario; Owner: postgres
--

ALTER SEQUENCE usuario.point_id_seq OWNED BY usuario.point.id;


--
-- TOC entry 189 (class 1259 OID 58897)
-- Name: pws; Type: TABLE; Schema: usuario; Owner: postgres
--

CREATE TABLE usuario.pws (
    id integer NOT NULL,
    id_usuario integer NOT NULL,
    us character varying(100) NOT NULL,
    pw character varying(100) NOT NULL
);


ALTER TABLE usuario.pws OWNER TO postgres;

--
-- TOC entry 188 (class 1259 OID 58895)
-- Name: pws_id_seq; Type: SEQUENCE; Schema: usuario; Owner: postgres
--

CREATE SEQUENCE usuario.pws_id_seq
    START WITH 1
    INCREMENT BY 1
    NO MINVALUE
    NO MAXVALUE
    CACHE 1;


ALTER TABLE usuario.pws_id_seq OWNER TO postgres;

--
-- TOC entry 2224 (class 0 OID 0)
-- Dependencies: 188
-- Name: pws_id_seq; Type: SEQUENCE OWNED BY; Schema: usuario; Owner: postgres
--

ALTER SEQUENCE usuario.pws_id_seq OWNED BY usuario.pws.id;


--
-- TOC entry 187 (class 1259 OID 58887)
-- Name: usuario; Type: TABLE; Schema: usuario; Owner: postgres
--

CREATE TABLE usuario.usuario (
    id integer NOT NULL,
    dni integer NOT NULL,
    nombre character varying(100) NOT NULL,
    apellido character varying(100) NOT NULL,
    mail character varying(100) NOT NULL,
    fechan date
);


ALTER TABLE usuario.usuario OWNER TO postgres;

--
-- TOC entry 186 (class 1259 OID 58885)
-- Name: usuario_id_seq; Type: SEQUENCE; Schema: usuario; Owner: postgres
--

CREATE SEQUENCE usuario.usuario_id_seq
    START WITH 1
    INCREMENT BY 1
    NO MINVALUE
    NO MAXVALUE
    CACHE 1;


ALTER TABLE usuario.usuario_id_seq OWNER TO postgres;

--
-- TOC entry 2225 (class 0 OID 0)
-- Dependencies: 186
-- Name: usuario_id_seq; Type: SEQUENCE OWNED BY; Schema: usuario; Owner: postgres
--

ALTER SEQUENCE usuario.usuario_id_seq OWNED BY usuario.usuario.id;


--
-- TOC entry 2049 (class 2604 OID 59711)
-- Name: empresa id; Type: DEFAULT; Schema: public; Owner: postgres
--

ALTER TABLE ONLY public.empresa ALTER COLUMN id SET DEFAULT nextval('public.empresa_id_seq'::regclass);


--
-- TOC entry 2050 (class 2604 OID 59724)
-- Name: horarios id; Type: DEFAULT; Schema: public; Owner: postgres
--

ALTER TABLE ONLY public.horarios ALTER COLUMN id SET DEFAULT nextval('public.horarios_id_seq'::regclass);


--
-- TOC entry 2051 (class 2604 OID 59737)
-- Name: empresa id; Type: DEFAULT; Schema: usuario; Owner: postgres
--

ALTER TABLE ONLY usuario.empresa ALTER COLUMN id SET DEFAULT nextval('usuario.empresa_id_seq'::regclass);


--
-- TOC entry 2052 (class 2604 OID 59763)
-- Name: horariosempresa id; Type: DEFAULT; Schema: usuario; Owner: postgres
--

ALTER TABLE ONLY usuario.horariosempresa ALTER COLUMN id SET DEFAULT nextval('usuario.horariosempresa_id_seq'::regclass);


--
-- TOC entry 2048 (class 2604 OID 59300)
-- Name: point id; Type: DEFAULT; Schema: usuario; Owner: postgres
--

ALTER TABLE ONLY usuario.point ALTER COLUMN id SET DEFAULT nextval('usuario.point_id_seq'::regclass);


--
-- TOC entry 2047 (class 2604 OID 58900)
-- Name: pws id; Type: DEFAULT; Schema: usuario; Owner: postgres
--

ALTER TABLE ONLY usuario.pws ALTER COLUMN id SET DEFAULT nextval('usuario.pws_id_seq'::regclass);


--
-- TOC entry 2046 (class 2604 OID 58890)
-- Name: usuario id; Type: DEFAULT; Schema: usuario; Owner: postgres
--

ALTER TABLE ONLY usuario.usuario ALTER COLUMN id SET DEFAULT nextval('usuario.usuario_id_seq'::regclass);


--
-- TOC entry 2204 (class 0 OID 59708)
-- Dependencies: 193
-- Data for Name: empresa; Type: TABLE DATA; Schema: public; Owner: postgres
--



--
-- TOC entry 2226 (class 0 OID 0)
-- Dependencies: 192
-- Name: empresa_id_seq; Type: SEQUENCE SET; Schema: public; Owner: postgres
--

SELECT pg_catalog.setval('public.empresa_id_seq', 1, false);


--
-- TOC entry 2206 (class 0 OID 59721)
-- Dependencies: 195
-- Data for Name: horarios; Type: TABLE DATA; Schema: public; Owner: postgres
--



--
-- TOC entry 2227 (class 0 OID 0)
-- Dependencies: 194
-- Name: horarios_id_seq; Type: SEQUENCE SET; Schema: public; Owner: postgres
--

SELECT pg_catalog.setval('public.horarios_id_seq', 1, false);


--
-- TOC entry 2208 (class 0 OID 59734)
-- Dependencies: 197
-- Data for Name: empresa; Type: TABLE DATA; Schema: usuario; Owner: postgres
--

INSERT INTO usuario.empresa VALUES (1, 2, 'Sast beer', 'UBICACION DE PRUEBA', '3', false, 'MISION EMPRESA DE PRUEBA', '2018-04-04', '\x415344515344415343');
INSERT INTO usuario.empresa VALUES (2, 3, 'The Moon', 'UBICACION PRUEBA', '4', true, 'MISION EMPRESA 2', '2009-09-09', '\x494d4147454e20444520505255454241');


--
-- TOC entry 2228 (class 0 OID 0)
-- Dependencies: 196
-- Name: empresa_id_seq; Type: SEQUENCE SET; Schema: usuario; Owner: postgres
--

SELECT pg_catalog.setval('usuario.empresa_id_seq', 2, true);


--
-- TOC entry 2210 (class 0 OID 59760)
-- Dependencies: 199
-- Data for Name: horariosempresa; Type: TABLE DATA; Schema: usuario; Owner: postgres
--

INSERT INTO usuario.horariosempresa VALUES (1, 2, 'LUNES', '09', '18');
INSERT INTO usuario.horariosempresa VALUES (2, 2, 'MARTES', '09', '18');
INSERT INTO usuario.horariosempresa VALUES (3, 2, 'MIERCOLES', '09', '18');
INSERT INTO usuario.horariosempresa VALUES (6, 2, 'JUEVES', '09', '18');
INSERT INTO usuario.horariosempresa VALUES (7, 2, 'VIERNES', '18', '07');
INSERT INTO usuario.horariosempresa VALUES (8, 2, 'SABADO', '18', '07');
INSERT INTO usuario.horariosempresa VALUES (9, 2, 'DOMINGO', '18', '00');


--
-- TOC entry 2229 (class 0 OID 0)
-- Dependencies: 198
-- Name: horariosempresa_id_seq; Type: SEQUENCE SET; Schema: usuario; Owner: postgres
--

SELECT pg_catalog.setval('usuario.horariosempresa_id_seq', 9, true);


--
-- TOC entry 2202 (class 0 OID 59297)
-- Dependencies: 191
-- Data for Name: point; Type: TABLE DATA; Schema: usuario; Owner: postgres
--

INSERT INTO usuario.point VALUES (7, 50, 80);
INSERT INTO usuario.point VALUES (8, 51, 60);
INSERT INTO usuario.point VALUES (9, 53, 160);
INSERT INTO usuario.point VALUES (10, 54, 0);
INSERT INTO usuario.point VALUES (12, 59, 0);
INSERT INTO usuario.point VALUES (11, 55, 60);
INSERT INTO usuario.point VALUES (13, 60, 0);
INSERT INTO usuario.point VALUES (14, 59, 0);


--
-- TOC entry 2230 (class 0 OID 0)
-- Dependencies: 190
-- Name: point_id_seq; Type: SEQUENCE SET; Schema: usuario; Owner: postgres
--

SELECT pg_catalog.setval('usuario.point_id_seq', 14, true);


--
-- TOC entry 2200 (class 0 OID 58897)
-- Dependencies: 189
-- Data for Name: pws; Type: TABLE DATA; Schema: usuario; Owner: postgres
--

INSERT INTO usuario.pws VALUES (20, 50, 'admin', 'pass');
INSERT INTO usuario.pws VALUES (22, 53, 'iara', '1502');
INSERT INTO usuario.pws VALUES (23, 54, 'vargas', '');
INSERT INTO usuario.pws VALUES (26, 59, 'cris', 'cris');
INSERT INTO usuario.pws VALUES (24, 55, 'pepe', 'pepe2');
INSERT INTO usuario.pws VALUES (21, 51, 'juan', '123');
INSERT INTO usuario.pws VALUES (27, 60, 'alejo', '1234');
INSERT INTO usuario.pws VALUES (60, 59, 'alejov', '1234');


--
-- TOC entry 2231 (class 0 OID 0)
-- Dependencies: 188
-- Name: pws_id_seq; Type: SEQUENCE SET; Schema: usuario; Owner: postgres
--

SELECT pg_catalog.setval('usuario.pws_id_seq', 27, true);


--
-- TOC entry 2198 (class 0 OID 58887)
-- Dependencies: 187
-- Data for Name: usuario; Type: TABLE DATA; Schema: usuario; Owner: postgres
--

INSERT INTO usuario.usuario VALUES (50, 85876432, 'Sergio', 'Barote', 'Barote@gmail.com', '1970-01-01');
INSERT INTO usuario.usuario VALUES (59, 28653289, 'Daniel', 'Vargas', 'vargasDaniel@yahoo.com.ar', '1970-01-01');
INSERT INTO usuario.usuario VALUES (61, 89562365, 'Lil ice', 'Ice', 'Xdwachoatrevido@gmail.com', NULL);
INSERT INTO usuario.usuario VALUES (62, 51245126, 'Daniela', 'Bermudez', 'bermudani@gmail.com', NULL);
INSERT INTO usuario.usuario VALUES (64, 51245639, 'Gonzalo', 'Paez', 'paezgon@hormail.com', NULL);
INSERT INTO usuario.usuario VALUES (65, 26569585, 'Lorena', 'Diaz', 'diaz_lo@yahoo-com.ar', NULL);
INSERT INTO usuario.usuario VALUES (53, 56214896, 'Elizabhet', 'Eliana', 'eliana@gmail.com', '1970-01-01');
INSERT INTO usuario.usuario VALUES (54, 20154857, 'cristian', 'olmedo', 'olmedo-cris@hotmail.com', '1970-01-01');
INSERT INTO usuario.usuario VALUES (55, 78965485, 'Pedro', 'Echeverria', 'echeverriaPedro@hotmail.com', '1970-01-01');
INSERT INTO usuario.usuario VALUES (85, 33565698, 'Luz Princesa', 'Martinez Pucci', 'Luz_pucci_92@bella.com.ar', NULL);
INSERT INTO usuario.usuario VALUES (51, 38452652, 'juan', 'gonzalez', 'gonza@gmail.com.ar', '1970-01-01');
INSERT INTO usuario.usuario VALUES (60, 12345345, 'crisitan', 'vargas', 'algo@algo.com', NULL);


--
-- TOC entry 2232 (class 0 OID 0)
-- Dependencies: 186
-- Name: usuario_id_seq; Type: SEQUENCE SET; Schema: usuario; Owner: postgres
--

SELECT pg_catalog.setval('usuario.usuario_id_seq', 90, true);


--
-- TOC entry 2064 (class 2606 OID 59718)
-- Name: empresa empresa_codigo_key; Type: CONSTRAINT; Schema: public; Owner: postgres
--

ALTER TABLE ONLY public.empresa
    ADD CONSTRAINT empresa_codigo_key UNIQUE (codigo);


--
-- TOC entry 2066 (class 2606 OID 59716)
-- Name: empresa empresa_pkey; Type: CONSTRAINT; Schema: public; Owner: postgres
--

ALTER TABLE ONLY public.empresa
    ADD CONSTRAINT empresa_pkey PRIMARY KEY (id);


--
-- TOC entry 2068 (class 2606 OID 59726)
-- Name: horarios horarios_pkey; Type: CONSTRAINT; Schema: public; Owner: postgres
--

ALTER TABLE ONLY public.horarios
    ADD CONSTRAINT horarios_pkey PRIMARY KEY (id);


--
-- TOC entry 2070 (class 2606 OID 59744)
-- Name: empresa empresa_codigo_key; Type: CONSTRAINT; Schema: usuario; Owner: postgres
--

ALTER TABLE ONLY usuario.empresa
    ADD CONSTRAINT empresa_codigo_key UNIQUE (codigo);


--
-- TOC entry 2072 (class 2606 OID 59742)
-- Name: empresa empresa_pkey; Type: CONSTRAINT; Schema: usuario; Owner: postgres
--

ALTER TABLE ONLY usuario.empresa
    ADD CONSTRAINT empresa_pkey PRIMARY KEY (id);


--
-- TOC entry 2074 (class 2606 OID 59765)
-- Name: horariosempresa horariosempresa_pkey; Type: CONSTRAINT; Schema: usuario; Owner: postgres
--

ALTER TABLE ONLY usuario.horariosempresa
    ADD CONSTRAINT horariosempresa_pkey PRIMARY KEY (id);


--
-- TOC entry 2054 (class 2606 OID 58892)
-- Name: usuario pk_usuario; Type: CONSTRAINT; Schema: usuario; Owner: postgres
--

ALTER TABLE ONLY usuario.usuario
    ADD CONSTRAINT pk_usuario PRIMARY KEY (id);


--
-- TOC entry 2062 (class 2606 OID 59302)
-- Name: point pk_usuario_point; Type: CONSTRAINT; Schema: usuario; Owner: postgres
--

ALTER TABLE ONLY usuario.point
    ADD CONSTRAINT pk_usuario_point PRIMARY KEY (id);


--
-- TOC entry 2058 (class 2606 OID 58902)
-- Name: pws pk_usuarios_pws; Type: CONSTRAINT; Schema: usuario; Owner: postgres
--

ALTER TABLE ONLY usuario.pws
    ADD CONSTRAINT pk_usuarios_pws PRIMARY KEY (id);


--
-- TOC entry 2060 (class 2606 OID 59343)
-- Name: pws pws_us_key; Type: CONSTRAINT; Schema: usuario; Owner: postgres
--

ALTER TABLE ONLY usuario.pws
    ADD CONSTRAINT pws_us_key UNIQUE (us);


--
-- TOC entry 2056 (class 2606 OID 58894)
-- Name: usuario un_usuario; Type: CONSTRAINT; Schema: usuario; Owner: postgres
--

ALTER TABLE ONLY usuario.usuario
    ADD CONSTRAINT un_usuario UNIQUE (dni);


--
-- TOC entry 2079 (class 2620 OID 59341)
-- Name: pws AI_POINT; Type: TRIGGER; Schema: usuario; Owner: postgres
--

CREATE TRIGGER "AI_POINT" AFTER INSERT ON usuario.pws FOR EACH ROW EXECUTE PROCEDURE usuario.insertar_point();


--
-- TOC entry 2077 (class 2606 OID 59727)
-- Name: horarios fk_empresa; Type: FK CONSTRAINT; Schema: public; Owner: postgres
--

ALTER TABLE ONLY public.horarios
    ADD CONSTRAINT fk_empresa FOREIGN KEY (id_empresa) REFERENCES public.empresa(id);


--
-- TOC entry 2078 (class 2606 OID 59766)
-- Name: horariosempresa fk_empresa; Type: FK CONSTRAINT; Schema: usuario; Owner: postgres
--

ALTER TABLE ONLY usuario.horariosempresa
    ADD CONSTRAINT fk_empresa FOREIGN KEY (id_empresa) REFERENCES usuario.empresa(id);


--
-- TOC entry 2076 (class 2606 OID 59303)
-- Name: point fk_usuario_point; Type: FK CONSTRAINT; Schema: usuario; Owner: postgres
--

ALTER TABLE ONLY usuario.point
    ADD CONSTRAINT fk_usuario_point FOREIGN KEY (id_usuario) REFERENCES usuario.usuario(id);


--
-- TOC entry 2075 (class 2606 OID 58903)
-- Name: pws fk_usuario_usuario; Type: FK CONSTRAINT; Schema: usuario; Owner: postgres
--

ALTER TABLE ONLY usuario.pws
    ADD CONSTRAINT fk_usuario_usuario FOREIGN KEY (id_usuario) REFERENCES usuario.usuario(id);


-- Completed on 2020-03-29 22:16:47 -03

--
-- PostgreSQL database dump complete
--

